[{"code":"// const cat_calzado = document.querySelector(\".categoria_calzado\");\r\n// const cat_indumentaria = document.querySelector(\".categoria_indumentaria\");\r\n// const cat_accesorios = document.querySelector(\".categoria_accesorios\");\r\n// const submenu = document.querySelector(\".contenedor_subcategorias_menu\");\r\n// const submenu_calzado = document.querySelector(\".subcategoria_calzado\");\r\n// const submenu_indumentaria = document.querySelector(\".subcategoria_indumentaria\");\r\n// const submenu_accesorios = document.querySelector(\".subcategoria_accesorios\");\r\n\r\n// cat_calzado.addEventListener(\"mouseover\", () => {\r\n//   submenu.classList.remove(\"invisible\");\r\n//   submenu_calzado.classList.remove(\"invisible\");\r\n// });\r\n\r\n// submenu.addEventListener(\"mouseleave\", () => {\r\n//   submenu.classList.add(\"invisible\");\r\n//   submenu_calzado.classList.add(\"invisible\");\r\n// });\r\n\r\nconst categorias = {\r\n  calzado: {\r\n    categoria: document.querySelector(\".categoria_calzado\"),\r\n    subcategoria: document.querySelector(\".subcategoria_calzado\")\r\n  },\r\n  indumentaria: {\r\n    categoria: document.querySelector(\".categoria_indumentaria\"),\r\n    subcategoria: document.querySelector(\".subcategoria_indumentaria\")\r\n  },\r\n  // accesorios: {\r\n  //   categoria: document.querySelector(\".categoria_accesorios\"),\r\n  //   subcategoria: document.querySelector(\".subcategoria_accesorios\")\r\n  // }\r\n};\r\n\r\nconst submenu = document.querySelector(\".contenedor_subcategorias_menu\");\r\n\r\nfor (const categoria in categorias) {\r\n  categorias[categoria].categoria.addEventListener(\"mouseover\", () => {\r\n    submenu.classList.remove(\"invisible\");\r\n    for (const otraCategoria in categorias) {\r\n      if (otraCategoria !== categoria) {\r\n        categorias[otraCategoria].subcategoria.classList.add(\"invisible\");\r\n      }\r\n    }\r\n    categorias[categoria].subcategoria.classList.remove(\"invisible\");\r\n  });\r\n}\r\n\r\nsubmenu.addEventListener(\"mouseleave\", () => {\r\n  submenu.classList.add(\"invisible\");\r\n  for (const categoria in categorias) {\r\n    categorias[categoria].subcategoria.classList.add(\"invisible\");\r\n  }\r\n});\r\n","src":"","priority":10,"key":"widget-0"},{"code":"const flechaCategoria = document.querySelectorAll('.flecha_desplegable');\r\nconst subCategoria = document.querySelectorAll('.mobile_subcategorias_contenedor');\r\nconst flechaSubCategoria = document.querySelectorAll('.flecha_desplegable_subcategoria');\r\nconst subSubCategoria = document.querySelectorAll('.contenedor_sub_subcategoria');\r\n\r\n// Iterar sobre las flechas de categoría y agregar un evento de clic\r\nflechaCategoria.forEach((flecha, index) => {\r\n  flecha.addEventListener('click', () => {\r\n    // Toggle para expandir o contraer la subcategoría correspondiente\r\n    subCategoria[index].classList.toggle('invisible');\r\n    flechaCategoria[index].classList.toggle('rotar');\r\n  });\r\n});\r\n\r\n// Iterar sobre las flechas de subcategoría y agregar un evento de clic\r\nflechaSubCategoria.forEach((flecha, index) => {\r\n  flecha.addEventListener('click', () => {\r\n    // Toggle para expandir o contraer la subsubcategoría correspondiente\r\n    subSubCategoria[index].classList.toggle('invisible');\r\n    flechaSubCategoria[index].classList.toggle('rotar');\r\n  });\r\n});","src":"","priority":10,"key":"widget-1"},{"code":"","src":"https://http2.mlstatic.com/frontend-assets/mshops-web-widgets/v2.3.2/cookie-disclaimer.js","priority":10,"key":"widget-2"},{"code":"","src":"https://http2.mlstatic.com/frontend-assets/mshops-web-widgets/v2.3.2/menu-fashion.js","priority":10,"key":"widget-3"},{"code":"","src":"https://http2.mlstatic.com/frontend-assets/mshops-web-widgets/v2.3.2/search-fashion.js","priority":10,"key":"widget-4"},{"code":"","src":"https://http2.mlstatic.com/frontend-assets/mshops-web-widgets/v2.3.2/on-scroll-header.js","priority":10,"key":"widget-5"},{"code":"","src":"https://http2.mlstatic.com/frontend-assets/mshops-web-widgets/v2.3.2/cart-badge.js","priority":10,"key":"widget-6"},{"code":"","src":"https://http2.mlstatic.com/frontend-assets/mshops-web-widgets/v2.5.5/suscription-footer.js","priority":10,"key":"widget-7"},{"code":"const info = document.getElementById(\"info-section\");\r\nconst slide = document.querySelector(\".section-category__container\");\r\nconst huella = document.getElementById(\".adorno-titulo\");\r\nconst destacadas = document.querySelector(\".section-category__title .font-primary-text\");\r\n\r\nsetTimeout(() => {\r\n    if (slide) {\r\n        slide.insertAdjacentElement(\"afterend\", info);\r\n    }\r\n}, 600);\r\n\r\nconst mark = document.getElementById(\"marcas-section\");\r\ndocument.addEventListener(\"DOMContentLoaded\", () => {\r\n    setTimeout(() => {\r\n        if (slide) {\r\n            info.insertAdjacentElement(\"afterend\", mark);\r\n        }\r\n    }, 600);\r\n});\r\n\r\n// setTimeout(()=> {   \r\n// destacadas.insertAdjacentElement(\"beforebegin\" , huella )\r\n// }, 500);\r\n\r\n\r\nvar submenuItems = document.querySelectorAll(\".submenu-h ul\");\r\nsubmenuItems.forEach(function (item) {\r\n    item.previousElementSibling.addEventListener(\"click\", function () {\r\n        item.classList.toggle(\"active\");\r\n    });\r\n});\r\n\r\n\r\nlet url = window.location.pathname;\r\n\r\nif (url === '/') {\r\n    console.log('verificaimg')\r\n    const tituloCategoria = document.querySelector('.section-category__title');\r\n    const tituloProductos = document.querySelector('.section-header__title--base');\r\n    const banner2 = document.querySelectorAll('.hub__boxed-width');\r\n    const carrusel = document.getElementById('marcas-section');\r\n\r\n    const imagenCategoria = `<img class=\"logo-pelota-texto\" src=\"https://iili.io/JqoKWo7.png\" alt=\"\">`\r\n    const imagenProducto = `<img class=\"logo-pelota-producto\" src=\"https://iili.io/JqoKWo7.png\" alt=\"\">`\r\n\r\n    \r\n\r\n    setTimeout(() => {\r\n        carrusel.insertAdjacentElement('afterend', banner2[1]);\r\n        try {\r\n            tituloCategoria.insertAdjacentHTML('beforebegin', imagenCategoria);\r\n            tituloProductos.insertAdjacentHTML('afterend', imagenProducto);\r\n        } catch (error) {  }\r\n\r\n    }, 1000);\r\n\r\n}\r\n","src":"","priority":10,"key":"widget-8"},{"code":"// Configuración del carrusel--\r\n\r\nconst carrusel = document.querySelector('.marcas-section-carrusel-container');\r\nconst izqBtn = document.getElementById('marcas-section-button-izq');\r\nconst derBtn = document.getElementById('marcas-section-button-der');\r\n\r\nlet verificarInicio_y_finCarrusel = 0;\r\nconst vueltasDeCarrusel = 2;\r\n\r\nif (window.innerWidth > 768) {\r\n    derBtn.addEventListener('click', () => moverCarrusel(true));\r\n    izqBtn.addEventListener('click', () => moverCarrusel(false));\r\n}\r\n\r\n\r\nfunction moverCarrusel(esDerecha) {\r\n    if (esDerecha) {\r\n        verificarInicio_y_finCarrusel = (verificarInicio_y_finCarrusel + 1) % vueltasDeCarrusel;\r\n        console.log(\"verificarInicio_y_finCarrusel\")\r\n    } else {\r\n        verificarInicio_y_finCarrusel = (verificarInicio_y_finCarrusel - 1 + vueltasDeCarrusel) % vueltasDeCarrusel;\r\n        console.log(\"verificarInicio_y_finCarrusel1\")\r\n    }\r\n    actualizarCarrusel();\r\n}\r\n\r\nfunction actualizarCarrusel() {\r\n    const translateXValue = `translateX(-${verificarInicio_y_finCarrusel * 1050}px)`;\r\n    carrusel.style.transform = translateXValue;\r\n}\r\n","src":"","priority":10,"key":"widget-9"},{"code":"\r\n// Menu desktop\r\nconst menu = document.querySelectorAll('.menu-desktop-item');\r\n\r\nconst desplegarMenu = (menuItem) => {\r\n    const primerDivHijo = menuItem.querySelector('.menu-container-desplegable');\r\n    primerDivHijo.classList.add('desplegar-flex');\r\n\r\n    primerDivHijo.addEventListener('mouseleave', () => {\r\n        setTimeout(() => {\r\n            primerDivHijo.classList.remove('desplegar-flex');\r\n        }, 100);\r\n    });\r\n}\r\nmenu.forEach((elem) => {\r\n    elem.addEventListener('mouseenter', () => {\r\n        desplegarMenu(elem);\r\n    });\r\n});\r\n\r\nconst ocultarSubMenu = (menuItem) => {\r\n    const subMenu = menuItem.querySelector('.menu-container-desplegable');\r\n    subMenu.classList.remove('desplegar-flex');\r\n};\r\n\r\nconst mostrarSubMenu = (menuItem) => {\r\n    const subMenu = menuItem.querySelector('.menu-container-desplegable');\r\n    subMenu.classList.add('desplegar-flex');\r\n};\r\n\r\nmenu.forEach((menuItem) => {\r\n    menuItem.addEventListener('mouseenter', () => {\r\n        clearTimeout(menuItem.timer);\r\n        mostrarSubMenu(menuItem);\r\n    });\r\n\r\n    menuItem.addEventListener('mouseleave', () => {\r\n        menuItem.timer = setTimeout(() => {\r\n            ocultarSubMenu(menuItem);\r\n        }, 100);\r\n    });\r\n\r\n    const subMenu = menuItem.querySelector('.menu-container-desplegable');\r\n    subMenu.addEventListener('mouseenter', () => {\r\n        clearTimeout(menuItem.timer);\r\n    });\r\n\r\n    subMenu.addEventListener('mouseleave', () => {\r\n        menuItem.timer = setTimeout(() => {\r\n            ocultarSubMenu(menuItem);\r\n        }, 100);\r\n    });\r\n});\r\n\r\n// Menu mobile\r\nlet menu_desplegable = document.getElementById('responsive-menu');\r\nlet menu_desplegable_children = menu_desplegable.children;\r\nconst submenus = document.querySelectorAll('.subcategorias-container');\r\nconst botonMenu = document.getElementById('hamburguer-menu');\r\n\r\nbotonMenu.addEventListener('click', () => {\r\n    menu_desplegable.classList.toggle('abrir');\r\n    for (let i = 0; i < menu_desplegable_children.length; i++) {\r\n        menu_desplegable_children[i].classList.toggle('desplegar');\r\n    }\r\n});\r\n\r\nsubmenus.forEach((elem) => {\r\n    elem.addEventListener('click', () => {\r\n        console.log('funciona');\r\n        elem.querySelector('.subcategorias').classList.toggle('desplegar'); // Cambiado 'subcategorias-container' por 'subcategorias'\r\n    });\r\n});\r\n","src":"","priority":10,"key":"widget-10"},{"code":"setTimeout(function () {\r\n    $(document).ready(function () {\r\n      // Ocultar el submenu al principio\r\n      // Cuando se hace hover en \"menu-container\"\r\n      $(\".menu-container\").hover(\r\n        function () {\r\n          // Mostrar el submenu con fade in\r\n          $(\".subcategorias-desktop\").stop().removeClass('invisible');\r\n        },\r\n        function () {\r\n          // Ocultar el submenu con fade out\r\n          $(\".subcategorias-desktop\").stop().addClass('invisible');\r\n        }\r\n      );\r\n    });\r\n  }, 200);\r\n  ","src":"","priority":10,"key":"widget-11"},{"code":"// flecha = document.querySelectorAll(\".flecha-desplegable\");\r\n// subcategorias = document.querySelectorAll(\".subcategorias-container\");\r\n// flecha menu mobile\r\nif (window.innerWidth < 768) {\r\n\r\n  const flechaGenero = document.getElementById(\"flecha-mobile-genero\");\r\n  const flechaCategoria = document.getElementById(\"flecha-mobile-categoria\")\r\n  const flechaDisciplina = document.getElementById(\"flecha-mobile-disciplina\")\r\n  const flechaMarca = document.getElementById(\"flecha-mobile-marca\")\r\n  // subcategoria menu mobile\r\n  const subCategoriaGenero = document.getElementById(\"subcategorias-genero\");\r\n  const subcategoriaCategoria = document.getElementById(\"subcategorias-categoria\")\r\n  const subcategoriaDisciplina = document.getElementById(\"subcategorias-disciplina\")\r\n  const subcategoriaMarca = document.getElementById(\"subcategorias-marca\");\r\n\r\n  flechaGenero.addEventListener(\"click\", function () {\r\n    flechaGenero.classList.toggle(\"rotate\");\r\n    subCategoriaGenero.classList.toggle(\"invisible\");\r\n    subcategoriaCategoria.classList.add(\"invisible\");\r\n    subcategoriaDisciplina.classList.add(\"invisible\");\r\n    subcategoriaMarca.classList.add(\"invisible\");\r\n  });\r\n  flechaCategoria.addEventListener(\"click\", function () {\r\n    flechaCategoria.classList.toggle(\"rotate\");\r\n    subCategoriaGenero.classList.add(\"invisible\");\r\n    subcategoriaCategoria.classList.toggle(\"invisible\");\r\n    subcategoriaDisciplina.classList.add(\"invisible\");\r\n    subcategoriaMarca.classList.add(\"invisible\");\r\n  });\r\n  flechaDisciplina.addEventListener(\"click\", function () {\r\n    flechaDisciplina.classList.toggle(\"rotate\");\r\n    subCategoriaGenero.classList.add(\"invisible\");\r\n    subcategoriaCategoria.classList.add(\"invisible\");\r\n    subcategoriaDisciplina.classList.toggle(\"invisible\");\r\n    subcategoriaMarca.classList.add(\"invisible\");\r\n  });\r\n  flechaMarca.addEventListener(\"click\", function () {\r\n    flechaMarca.classList.toggle(\"rotate\");\r\n    subCategoriaGenero.classList.add(\"invisible\");\r\n    subcategoriaCategoria.classList.add(\"invisible\");\r\n    subcategoriaDisciplina.classList.add(\"invisible\");\r\n    subcategoriaMarca.classList.toggle(\"invisible\");\r\n  });\r\n\r\n}\r\n\r\n// flecha[0].addEventListener(\"click\", function () {\r\n//   flecha[0].classList.toggle(\"rotate\");\r\n//   subcategorias[0].classList.toggle(\"invisible\");\r\n//   subcategorias[1].classList.add(\"invisible\");\r\n//   subcategorias[2].classList.add(\"invisible\");\r\n//   subcategorias[3].classList.add(\"invisible\");\r\n//   subcategorias[4].classList.add(\"invisible\");\r\n// });\r\n\r\n// flecha[1].addEventListener(\"click\", function () {\r\n//   flecha[1].classList.toggle(\"rotate\");\r\n//   subcategorias[0].classList.add(\"invisible\");\r\n//   subcategorias[1].classList.toggle(\"invisible\");\r\n//   subcategorias[2].classList.add(\"invisible\");\r\n//   subcategorias[3].classList.add(\"invisible\");\r\n//   subcategorias[4].classList.add(\"invisible\");\r\n// });\r\n\r\n// flecha[2].addEventListener(\"click\", function () {\r\n//   flecha[2].classList.toggle(\"rotate\");\r\n//   subcategorias[0].classList.add(\"invisible\");\r\n//   subcategorias[1].classList.add(\"invisible\");\r\n//   subcategorias[2].classList.toggle(\"invisible\");\r\n//   subcategorias[3].classList.add(\"invisible\");\r\n//   subcategorias[4].classList.add(\"invisible\");\r\n// });\r\n\r\n// let flechas = document.querySelectorAll(\".flecha-desplegable\");\r\n// let subcategorias = document.querySelectorAll(\".subcategorias-container\");\r\n\r\n// flechas.forEach((flecha, index) => {\r\n//     flecha.addEventListener(\"click\", function() {\r\n//         subcategorias.forEach((subcategoria, subIndex) => {\r\n//             if (subIndex === index) {\r\n//                 subcategoria.classList.toggle(\"desplegar\");\r\n//             } else {\r\n//               subcategorias.style.display = 'none';\r\n//             }\r\n//         });\r\n\r\n//         flechas.forEach((flecha, arrowIndex) => {\r\n//             if (arrowIndex === index) {\r\n//                 flecha.classList.toggle(\"rotate\");\r\n//             } else {\r\n//                 flecha.classList.remove(\"rotate\");\r\n//             }\r\n//         });\r\n//     });\r\n// });\r\n\r\n\r\n//   document.addEventListener(\"DOMContentLoaded\", function() {\r\n//     let flechas = document.querySelectorAll(\".flecha-desplegable\");\r\n//     let subcategorias = document.querySelectorAll(\".subcategorias-container\");\r\n\r\n//     flechas.forEach((flecha, index) => {\r\n//         flecha.addEventListener(\"click\", function() {\r\n//             subcategorias.forEach((subcategoria, subIndex) => {\r\n//                 if (subIndex === index) {\r\n//                     subcategoria.classList.toggle(\"invisible\");\r\n//                 } else {\r\n//                     subcategoria.classList.add(\"invisible\");\r\n//                 }\r\n//             });\r\n\r\n//             flechas.forEach((flecha, arrowIndex) => {\r\n//                 if (arrowIndex === index) {\r\n//                     flecha.classList.toggle(\"rotate\");\r\n//                 } else {\r\n//                     flecha.classList.remove(\"rotate\");\r\n//                 }\r\n//             });\r\n//         });\r\n//     });\r\n// });\r\n","src":"","priority":10,"key":"widget-12"},{"code":"// document.querySelector('.subcategorias-desktop').addEventListener('click', function() {\r\n//     // Encuentra las subcategorías dentro de este elemento\r\n//     var subcategorias = this.querySelector('.subcategorias');\r\n    \r\n//     // Verifica si las subcategorías están actualmente visibles\r\n//     if (subcategorias.style.display === 'block') {\r\n//         subcategorias.style.display = 'none'; // Ocultar las subcategorías\r\n//     } else {\r\n//         subcategorias.style.display = 'flex'; // Mostrar las subcategorías\r\n//     }\r\n// });\r\ndocument.querySelector('.subcategorias-desktop').addEventListener('click', function() {\r\n    // Encuentra las subcategorías dentro de este elemento\r\n    var subcategorias = this.querySelector('.subcategorias');\r\n\r\n    // Verifica si las subcategorías están actualmente visibles\r\n    var isHidden = subcategorias.style.display === 'none' || subcategorias.style.display === '';\r\n\r\n    if (isHidden) {\r\n        subcategorias.style.display = 'flex'; // Mostrar las subcategorías\r\n    } else {\r\n        subcategorias.style.display = 'none'; // Ocultar las subcategorías\r\n    }\r\n});","src":"","priority":10,"key":"widget-13"}]